Abend,Niklas,Ziegelstr. 32,53507,Dernau
Abend,Stefan,Neuer Jungfernstieg 49,82395,Obers�chering
Abendroth,Gabriele,Knesebeckstrasse 10,82459,Garmisch-Partenkirchen
Abendroth,Ren�,Jenaer Strasse 90,03232,Finsterwalde
Abt,Christina,Rohrdamm 56,96468,R�dental
Achen,Katharina,Fugger Strasse 79,83060,Raubling
Achen,Max,Landsberger Allee 65,55566,Meddersheim
Ackerman,Erik,Michaelkirchstr. 87,32549,Bad Oeynhausen Volmerdingsen
Ackerman,Ren�,Inge Beisheim Platz 40,82267,Geltendorf
Adler,Silke,Pasewalker Stra�e 36,67273,Dackenheim
Adler,Stefan,Potsdamer Platz 62,56242,Ellenhausen
Amsel,Anne,Gotzkowskystrasse 49,56472,Gro�seifen
Amsel,Lea,Neuer Jungfernstieg 49,87549,Rettenberg
Amsel,Sabine,Frankfurter Allee 18,92539,Sch�nsee
Amsel,Torsten,Oldesloer Strasse 87,09320,Penig
Austerlitz,Mario,Knesebeckstrasse 25,56593,Krunkel
Austerlitz,Monika,Alt-Moabit 87,24879,Idstedt
Austerlitz,Tom,Brandenburgische Str 88,55413,Oberheimbach
Baader,Nadine,Gotzkowskystrasse 17,71139,Ehningen
Bachmeier,Bernd,Hallesches Ufer 52,04165,Leipzig
Bachmeier,Katharina,Rankestra�e 86,92336,Beilngries
Bader,Thorsten,Rosenstrasse 27,59368,Werne
Baecker,Robert,Gubener Str. 75,67435,Neustadt an der Weinstra�e Speyerdorf
Baer,Niklas,Park Str. 97,83435,Bad Reichenhall
Baer,Tanja,Billwerder Neuer Deich 83,95153,Kirchenlamitz
Baer,Ulrike,Flughafenstrasse 18,93134,Lappersdorf
Baier,Martina,Augsburger Stra�e 86,16306,Berkholz
Bar,Bernd,Gotthardstrasse 3,49082,Osnabr�ck
Bar,Stephan,Landhausstra�e 23,82395,Obers�chering
Bauer,Annett,Spresstrasse 58,94443,Plattling
Bauer,Marko,Stra�e der Pariser Kommune 14,44267,Dortmund
Baum,Doreen,Knesebeckstrasse 65,82267,Geltendorf
Baum,Jan,Hallesches Ufer 94,88367,Hohentengen
Baumgartner,Mario,Knesebeckstra�e 57,88317,Aichstetten
Bayer,Michelle,Kastanienallee 90,21698,Bargstedt
Bayer,Mike,Hans-Grade-Allee 19,37249,Neu-Eichenberg
Beckenbauer,Luca,Mellingburgredder 23,91084,Weisendorf
Beckenbauer,Steffen,Messedamm 44,81703,M�nchen
Beich,Dennis,Billwerder Neuer Deich 58,83666,Waakirchen
Beich,Markus,Augsburger Stra�e 74,83424,Bad Reichenhall
Beike,Yvonne,Luetzowplatz 29,54533,Gransdorf
Berg,Dirk,Kastanienallee 50,25772,Lunden
Berg,Leah,Lange Strasse 62,81702,M�nchen
Bergmann,Julia,Hermannstrasse 46,19002,Schwerin
Bergmann,Laura,Schmarjestrasse 76,93497,Willmering
Beyer,Sophia,Neuer Jungfernstieg 49,90567,Schwaig
Bieber,Daniela,L�tzowplatz 79,01589,Oelsitz
Bieber,Maria,Hallesches Ufer 7,63757,Gro�ostheim
Bieber,Sven,Alter Wall 35,23902,Ratzeburg
Boehm,Maximilian,Langenhorner Chaussee 47,27749,Delmenhorst
Boehm,Ralf,Pappelallee 21,38315,Werlaburgdorf
Bohm,Annett,Alter Wall 94,97797,Wartmannsroth
Bosch,Daniel,Bleibtreustra�e 30,34396,Liebenau
Bosch,Mathias,Rohrdamm 17,29361,H�fer
Brandt,Jana,Michaelkirchstr. 68,55437,Appenheim
Brandt,Mandy,Scharnweberstrasse 84,68199,Mannheim Almenhof
Brauer,Benjamin,Hochstrasse 27,24897,Ulsnis
Brauer,Jana,Grolmanstra�e 3,84413,Taufkirchen
Braun,Jana,Grosse Praesidenten Str. 35,51429,Bergisch Gladbach Herkenrath
Braun,Leon,Paul-Nevermann-Platz 12,48329,Havixbeck
Braun,Luca,Brandenburgische Stra�e 72,79252,Stegen
Bumgarner,Karin,Rudower Strasse 69,54597,Matzerath
Bumgarner,Marcel,Rudower Chaussee 10,76532,Baden-Baden
Busch,Kevin,Buelowstrasse 14,83331,Inzell
B�rger,Antje,Kastanienallee 99,18187,Sanitz
B�rger,Max,Leipziger Strasse 96,92404,Schwandorf
B�rger,Mike,Hardenbergstra�e 71,94337,Leiblfing
Daecher,Erik,Genterstrasse 48,56459,Elbingen
Decker,Anna,Pappelallee 30,54533,Gransdorf
Decker,Ines,Eschenweg 91,33719,Bielefeld Altenhagen
Decker,Markus,Leipziger Stra�e 51,78467,Konstanz F�rstenberg
Decker,Stefan,Heinrich Heine Platz 16,76189,Karlsruhe Nordweststadt
Diederich,Kristian,Hochstrasse 15,73434,Aalen Unterrombach
Diederich,Lukas,Am Borsigturm 43,99428,Bechstedtstra�
Diederich,Maximilian,Jahnstrasse 52,04684,Nerchau
Diederich,Tim,Grosse Praesidenten Str. 37,22113,Hamburg Billbrook
Dietrich,Eric,Neue Ro�str. 3,99634,Gangloffs�mmern
Drechsler,Ursula,Alter Wall 39,76829,Landau in der Pfalz
Drescher,Kristian,Neue Ro�str. 10,06786,Gohrau
Drescher,Ursula,Reeperbahn 73,12277,Berlin Marienfelde
Dresdner,Andrea,Hochstrasse 53,25980,Rantum
Dresdner,Andrea,Neue Ro�str. 10,27321,Thedinghausen
Dresdner,Luca,Stresemannstr. 34,76770,Hatzenb�hl
Dresner,Christin,G�ntzelstrasse 41,54411,Rorodt
Dresner,Torsten,Paderborner Strasse 31,83620,Feldkirchen-Westerham
Duerr,David,Buelowstrasse 52,23663,Timmendorfer Strand
Duerr,Dennis,Paderborner Strasse 6,38461,Danndorf
Durr,Christin,Hallesches Ufer 10,37639,Bevern
Durr,Ines,Lietzensee-Ufer 51,81218,M�nchen
Eberhardt,Luca,Albrechtstrasse 71,85009,Ingolstadt
Eberhardt,Mike,Neuer Jungfernstieg 25,21775,Steinau
Eberhart,Thomas,Koenigstrasse 78,37691,Boffzen
Ebersbacher,Michelle,Alt-Moabit 10,06691,Zeitz
Eggers,Eric,Grosse Praesidenten Str. 53,78315,Radolfzell
Eggers,J�rg,An Der Urania 29,57518,Steineroth
Eggers,Laura,Ollenhauer Str. 66,85111,Adelschlag
Eggers,Robert,Hedemannstasse 50,27321,Thedinghausen
Eggers,Yvonne,Michaelkirchstr. 88,86953,Schongau
Ehrlichmann,Heike,Kieler Strasse 55,22547,Hamburg Lurup
Ehrlichmann,Marco,Flughafenstrasse 26,46286,Dorsten
Eichmann,Daniela,Hans-Grade-Allee 19,72657,Altenriet
Eichmann,Jonas,G�ntzelstrasse 23,53547,Dattenberg
Eichmann,Mathias,Kirchenallee 56,88145,Hergatz
Eichmann,Swen,Unter den Linden 29,34630,Gilserberg
Eiffel,Mario,Hans-Grade-Allee 95,24885,Sieverstedt
Eisenhower,Angelika,Neue Ro�str. 86,73770,Denkendorf
Eisenhower,J�rgen,Schaarsteinweg 19,10781,Berlin Sch�neberg
Eisenhower,Kathrin,Schillerstrasse 4,99089,Erfurt
Engel,Anja,Gotzkowskystrasse 92,83461,Berchtesgaden
Engel,Jonas,Hans-Grade-Allee 30,40221,D�sseldorf Hamm
Engel,Julia,Grolmanstra�e 35,28219,Bremen Steffensweg
Faber,Julia,Mollstrasse 43,55296,Harxheim
Faerber,Lea,Albrechtstrasse 74,08425,Fraureuth
Farber,Anne,Fontenay 16,56357,Str�th
Farber,Eric,L�tzowplatz 37,25757,B�sum
Farber,Karolin,Hoheluftchaussee 56,39041,Magdeburg
Farber,Lukas,Kurf�rstendamm 83,25772,Lunden
Farber,Uwe,Hoheluftchaussee 52,81671,M�nchen
Fassbinder,Dieter,M�hlenstrasse 33,14624,Dallgow
Faust,Christian,Ollenhauer Str. 72,96486,Lautertal
Faust,Kathrin,Am Borsigturm 22,38173,Erkerode
Faust,Silke,Mohrenstrasse 22,86576,Schiltberg
Fenstermacher,Bernd,Gubener Str. 71,24915,Flensburg
Fenstermacher,Marina,Rohrdamm 32,24149,Kiel
Fenstermacher,Mathias,Hallesches Ufer 45,88525,D�rmentingen
Fiedler,Melanie,Konstanzer Strasse 29,57629,Merkelbach
Fink,Laura,Paul-Nevermann-Platz 84,26909,Neulehe
Fink,Maria,Friedrichstrasse 8,91486,Uehlfeld
Finkel,Kristian,Fischerinsel 83,73566,Bartholom�
Finkel,Martin,Fischerinsel 46,81215,M�nchen
Finkel,Ursula,Unter den Linden 77,01934,K�nigsbr�ck
Fischer,Lea,G�ntzelstrasse 13,27321,Thedinghausen
Fleischer,Matthias,Jenaer Strasse 25,07393,Rudolstadt
Foerster,Bernd,S�mmeringstr. 93,67471,Elmstein
Foerster,Paul,Flotowstr. 41,06607,Naumburg
Frankfurter,Niklas,Gubener Str. 11,03126,Spremberg
Frankfurter,Sandra,Hallesches Ufer 74,15831,Birkholz
Freeh,Katrin,Ellmenreichstrasse 67,81218,M�nchen
Freeh,Ulrike,Bleibtreustra�e 55,01778,F�rstenau
Frei,Steffen,Reeperbahn 24,24855,Bollingstedt
Freitag,Kristian,Am Borsigturm 22,41462,Neuss Vogelsang
Freud,Paul,Kurfuerstendamm 26,25885,Ahrenvi�l
Freud,Uwe,An der Alster 73,07367,Ebersdorf
Frey,Jennifer,Schillerstrasse 21,91365,Weilersbach
Frey,Kristian,Hans-Grade-Allee 7,24870,Ellingstedt
Fried,Dieter,Flotowstr. 12,31135,Hildesheim
Friedman,Daniela,Rankestra�e 99,86618,Neuburg
Friedman,Jennifer,Jahnstrasse 70,82301,Starnberg
Friedman,Jens,Luebeckertordamm 46,97042,W�rzburg
Friedman,Laura,Albrechtstrasse 26,82447,Spatzenhausen
Friedman,Mandy,Budapester Strasse 93,24259,Westensee
Friedman,Philipp,Hochstrasse 12,97405,Schweinfurt
Friedmann,Dieter,Eschenweg 95,23623,Ahrensb�k
Friedmann,Dominik,Fischerinsel 46,66484,Kleinsteinhausen
Frueh,Yvonne,Grolmanstra�e 21,94111,Tiefenbach
Fruehauf,Jens,Hans-Grade-Allee 83,32760,Detmold Sch�nemark
Fruehauf,Martin,Frankfurter Allee 21,80558,M�nchen
Fuchs,Bernd,Mollstrasse 52,91054,Buckenhof
Fuhrmann,Maik,Holstenwall 99,85768,Unterf�hring
Furst,Anja,Joachimstaler Str. 35,04011,Leipzig
Furst,Karolin,Hans-Grade-Allee 83,67069,Ludwigshafen am Rhein Edigheim
Gaertner,Martin,Kantstra�e 8,02681,Callenberg
Gaertner,Ursula,Rudower Chaussee 47,79592,Fischingen
Gerber,Marcel,Adenauerallee 65,54616,Winterspelt
Gerste,Marcel,Prager Str 24,56357,Dessighofen
Gerste,Michelle,Rathausstrasse 54,89210,Neu-Ulm
Glockner,Anja,Rathausstrasse 54,90730,F�rth
Gloeckner,Annett,Schaarsteinweg 32,55286,W�rrstadt
Gloeckner,Jana,Kantstrasse 71,74869,Schwarzach
Gloeckner,Simone,Budapester Stra�e 35,24646,Warder
Goldschmidt,Jennifer,Potsdamer Platz 66,66894,Kr�henberg
Goldschmidt,Marko,Lietzensee-Ufer 45,21484,Schwarzenbek
Gottlieb,Tim,Langenhorner Chaussee 18,93431,Furth
Gottschalk,Kerstin,Heinrich Heine Platz 60,51381,Leverkusen
Gruenewald,Jana,Albrechtstrasse 99,85021,Ingolstadt
Gruenewald,Julia,Kirchenallee 97,89081,Ulm Lehr
Gruenewald,Karolin,Grolmanstra�e 58,65558,Oberneisen
Gruenewald,Marco,Nuernbergerstrasse 15,26386,Wilhelmshaven
Gruenewald,Michelle,Paul-Nevermann-Platz 80,15344,Strausberg
Gruenewald,Simone,Rudower Chaussee 17,83308,Trostberg
G�rtner,Alexander,Rathausstrasse 23,31228,Peine
Hahn,Dominik,Karl-Liebknecht-Strasse 77,49779,Niederlangen
Hahn,Katharina,Bleibtreustrasse 55,85610,Kirchseeon
Hartmann,Kevin,Rudower Strasse 61,26465,Langeoog
Hartmann,Leonie,Jenaer Strasse 11,42327,Wuppertal Vohwinkel
Herman,Mandy,Kantstrasse 23,83035,Bad Aibling
Herrmann,Max,Mohrenstrasse 55,17281,Prenzlau
Herrmann,Ute,Adenauerallee 50,56579,Hardert
Hertz,Ren�,Brandenburgische Str 45,27749,Delmenhorst
Hertz,Stefan,Hallesches Ufer 7,45731,Waltrop
Herz,Philipp,Rathausstrasse 34,84535,Ampfing
Herz,Ralf,Reeperbahn 6,81602,M�nchen
Herzog,Marco,Scharnweberstrasse 90,61130,Nidderau
Herzog,Mario,Karl-Liebknecht-Strasse 84,88151,Lindenberg
Himmel,Christian,Eichendorffstr. 29,77728,Oppenau
Himmel,Stefanie,Bleibtreustrasse 44,95421,Bayreuth
Himmel,Torsten,Kastanienallee 50,94347,Ascha
Hirsch,Gabriele,Rohrdamm 1,88326,Aulendorf
Hirsch,Lukas,Langenhorner Chaussee 47,94562,Oberp�ring
Hirsch,Marie,Alter Wall 65,97259,Greu�enheim
Hoch,Bernd,Genslerstra�e 89,94514,Spiegelau
Hoch,Laura,Albrechtstrasse 8,44225,Dortmund
Hofmann,Bernd,Prenzlauer Allee 74,66851,Queidersbach
Hofmann,Frank,Waldowstr. 99,74585,Rot am See
Holtzmann,Lisa,Buelowstrasse 68,67294,Oberwiesen
Holtzmann,Max,Kurf�rstendamm 70,74382,Neckarwestheim
Holtzmann,Patrick,Esplanade 63,21698,Bargstedt
Holtzmann,Tim,Scharnweberstrasse 90,56729,Langenfeld
Holtzmann,Tim,Rosenstrasse 82,49635,Badbergen
Holzman,Manuela,M�hlenstrasse 79,84132,Vilsbiburg
Hoover,Nadine,An der Schillingbrucke 59,79539,L�rrach Tumringen
Huber,Anna,Flughafenstrasse 3,24988,Oeversee
Huber,Franziska,Stra�e der Pariser Kommune 41,67823,Unkenbach
Huber,Jennifer,Knesebeckstra�e 65,54668,Schankweiler
Huber,Max,Reeperbahn 73,97479,Eltmann
Huber,Petra,Esplanade 94,70184,Stuttgart Ost
Hueber,Anke,Jenaer Strasse 16,24159,Kiel
Hueber,Nadine,Inge Beisheim Platz 99,26386,Wilhelmshaven
Jaeger,Nadine,Flughafenstrasse 72,31633,Leese
Jager,Marco,Rudolstaedter Strasse 9,24248,M�nkeberg
Jager,Philipp,Am Borsigturm 9,55595,Weinsheim
Jager,Tom,Lange Strasse 51,85108,Kipfenberg
Jung,Erik,Kirchenallee 97,55487,Sohren
Jung,Leon,Mellingburgredder 24,94366,Perasdorf
Jung,Marko,Rudower Strasse 51,78359,Orsingen-Nenzingen
Kaestner,Antje,Flotowstr. 78,06203,Merseburg
Kaestner,Eric,Gotzkowskystrasse 17,94425,Eichendorf
Kaestner,Matthias,Ansbacher Strasse 5,32049,Herford Falkendiek
Kaestner,Mike,Bissingzeile 18,81827,M�nchen
Kaiser,Anna,Kurf�rstenstra�e 57,01193,Dresden
Kaiser,Heike,Flughafenstrasse 72,08066,Zwickau
Kaiser,Kathrin,Rohrdamm 99,66653,Merzig
Kaiser,Mandy,Borstelmannsweg 34,81315,M�nchen
Kaiser,Marco,L�tzowplatz 74,72532,Gomadingen
Kaiser,Martina,Jenaer Strasse 44,94148,Kirchham
Kaiser,Michael,Stra�e der Pariser Kommune 14,49080,Osnabr�ck
Kalb,Leonie,Frankfurter Allee 3,58093,Hagen
Kastner,Anne,Ansbacher Strasse 8,78465,Konstanz Dingelsdorf
Kastner,Klaudia,Reeperbahn 6,56472,Gro�seifen
Kastner,Lena,Frankfurter Allee 12,91292,Forchheim
Kastner,Thomas,Hermannstrasse 60,67246,Dirmstein
Kaufmann,Markus,Schoenebergerstrasse 19,81827,M�nchen
Kaufmann,Sara,Koenigstrasse 69,74679,Wei�bach
Keller,Christina,Alt Reinickendorf 24,87542,Blaichach
Kirsch,Erik,Oldesloer Strasse 28,31174,Schellerten
Kirsch,Kristin,Bissingzeile 92,57635,Kraam
Klein,Christian,Neue Ro�str. 18,22765,Hamburg Ottensen
Klein,Leah,Bissingzeile 42,78239,Rielasingen-Worblingen
Klug,Klaudia,Brandenburgische Str. 83,56412,Horbach
Kluge,Eric,Grolmanstra�e 35,79415,Bad Bellingen
Kluge,Ralph,Kieler Strasse 8,22335,Hamburg Alsterdorf
Koch,Mathias,Schoenebergerstrasse 57,51381,Leverkusen
Koehler,Vanessa,Fischerinsel 57,56767,Oberelz
Koenig,Christian,Kirchenallee 78,58095,Hagen
Koenig,Kristin,Kirchenallee 11,82301,Starnberg
Koenig,Ursula,Landsberger Allee 56,91211,Hersbruck
Koertig,Christin,Hermannstrasse 62,09023,Chemnitz
Koertig,Christine,Hardenbergstra�e 82,66887,Niederalben
Koertig,Franziska,Augsburger Stra�e 98,06879,Lutherstadt Wittenberg
Koertig,Kristian,Heinrich Heine Platz 33,49777,Gro� Ber�en
Koertig,Marcel,G�ntzelstrasse 23,38179,Schw�lper
Koertig,Sebastian,Luckenwalder Strasse 61,87631,Oberg�nzburg
Kohl,Marie,Pappelallee 55,86953,Schongau
Konig,Lena,Ruschestrasse 44,82267,Geltendorf
Konig,Simone,Borstelmannsweg 25,24248,M�nkeberg
Kortig,Laura,Lietzensee-Ufer 46,63922,Kleinheubach
Kortig,Stefanie,M�hlenstrasse 76,97201,H�chberg
Krause,Laura,Nuernbergerstrasse 69,08010,Zwickau
Krause,Stefanie,Brandenburgische Str. 20,74343,Sachsenheim
Krause,Swen,Prenzlauer Allee 62,84576,Teising
Krueger,Florian,Grosse Praesidenten Str. 30,97072,W�rzburg
Krueger,Jonas,Los-Angeles-Platz 65,87761,Lauben
Kruger,Brigitte,Sch�nwalder Allee 43,24352,Rieseby
Kruger,Christina,Hallesches Ufer 10,66813,Lebach
Kruger,Dirk,Charlottenstrasse 60,68199,Mannheim Almenhof
Kruger,Phillipp,Augsburger Strasse 61,63931,Kirchzell
Kruger,Tim,Neuer Jungfernstieg 49,84123,Dingolfing
Kuester,Klaus,Flughafenstrasse 3,87484,Nesselwang
Kunze,Brigitte,Friedrichstrasse 73,23715,Bosau
Kuster,Kerstin,Mellingburgredder 23,06636,Burgscheidungen
K�hler,Jan,Sonnenallee 14,94148,Kirchham
K�nig,Christian,Pappelallee 55,14471,Potsdam
K�nig,Jens,Michaelkirchstr. 50,94111,Tiefenbach
K�nig,Julia,G�ntzelstrasse 21,54675,Hommerdingen
K�nig,Leonie,Fasanenstrasse 15,22765,Hamburg Ottensen
Lang,Franziska,Stresemannstr. 28,97648,Fladungen
Lang,Paul,S�mmeringstr. 76,76863,Herxheim bei Landau/ Pfalz
Lang,Sebastian,Augsburger Stra�e 25,54634,Oberstedem
Lang,Tim,Knesebeckstrasse 19,64397,Modautal
Lange,Lucas,Prenzlauer Allee 45,38315,Gielde
Lehmann,Anke,Frankfurter Allee 16,27386,Hemsb�nde
Lemann,Nadine,G�ntzelstrasse 41,26901,Rastorf
Lemann,Patrick,Paderborner Strasse 87,86479,Aichen
Loewe,David,Kurfuerstendamm 35,80603,M�nchen
Loewe,Erik,L�tzowplatz 37,73337,Bad �berkingen
Loewe,Martina,Fasanenstrasse 17,01654,Mei�en
Loewe,Ulrike,Messedamm 69,06054,Halle
Lowe,Alexander,Brandenburgische Str. 47,86004,Augsburg
Lowe,David,Scharnweberstrasse 33,51381,Leverkusen
Luft,Katja,Hallesches Ufer 52,22605,Hamburg Othmarschen
Luft,Stefan,Scharnweberstrasse 25,96031,Bamberg
Mahler,Mathias,Charlottenstrasse 88,07701,Jena
Mahler,Sophia,Charlottenstrasse 87,01463,Langebr�ck
Maier,Ulrich,Meinekestra�e 90,90025,N�rnberg
Mauer,Andreas,Charlottenstrasse 60,96272,Hochstadt
Mauer,Tom,Ellmenreichstrasse 43,22417,Hamburg Hummelsb�ttel
Maur,Katja,Charlottenstrasse 76,57612,�lsen
Maur,Marko,Stuttgarter Platz 65,55576,Badenheim
Mayer,Frank,Kastanienallee 27,85088,Vohburg
Mayer,Maik,Meininger Strasse 35,55758,Weiden
Mehler,Christin,Hallesches Ufer 37,25344,Gl�ckstadt
Mehler,Kristian,Invalidenstrasse 16,66871,K�rborn
Mehler,Marko,Potsdamer Platz 89,85088,Vohburg
Meister,Sabrina,Grosse Praesidenten Str. 36,25926,Bramstedtlund
Meister,Sara,Luebeckertordamm 23,21698,Harsefeld
Meister,Stefan,Lietzensee-Ufer 9,06360,K�then
Meister,Stephan,Fasanenstrasse 17,22605,Hamburg Othmarschen
Meyer,Stefan,Am Borsigturm 9,41542,Dormagen Delrath
Moench,Jessika,M�hlenstrasse 73,54673,Krautscheid
Moench,Kathrin,Gotthardstrasse 50,13189,Berlin Pankow
Moench,Tom,Fasanenstrasse 17,21037,Hamburg Reitbrook
Mueller,Karolin,Brandenburgische Str. 89,69124,Heidelberg Kirchheim
Mueller,Michelle,Rosenstrasse 20,81664,M�nchen
Muller,Kathrin,Gubener Str. 53,40599,D�sseldorf Holthausen
Muller,Markus,Grolmanstra�e 27,28197,Bremen Seehausen
M�ller,Jens,Schoenebergerstrasse 47,08313,Bernsbach
M�ller,Katharina,Potsdamer Platz 80,32351,Stemwede
Nadel,Paul,Mohrenstrasse 80,72477,Schwenningen
Nadel,Simone,Wallstrasse 37,66978,Clausen
Nagel,Katja,Grolmanstra�e 21,28217,Bremen Steffensweg
Nagel,Nicole,Boxhagener Str. 96,83331,Inzell
Nagel,Patrick,Luebeckertordamm 2,91217,Hersbruck
Neudorf,Barbara,Augsburger Strasse 58,30926,Seelze
Neudorf,Lukas,Sch�nwalder Allee 74,24796,Bovenau
Neudorf,Simone,Kantstrasse 66,90339,N�rnberg
Neumann,Mike,Kantstra�e 39,73434,Aalen Unterrombach
Neustadt,Dominik,Rohrdamm 52,91741,Theilenhofen
Neustadt,Dominik,Alsterkrugchaussee 7,66879,Kottweiler-Schwanden
Nussbaum,Florian,Kurf�rstendamm 56,08004,Zwickau
Oster,Marko,Sch�nwalder Allee 80,57614,Borod
Osterhagen,Brigitte,Billwerder Neuer Deich 63,67071,Ludwigshafen am Rhein Ruchheim
Pabst,Maria,Langenhorner Chaussee 17,92552,Teunz
Pabst,Steffen,Holstenwall 55,95202,M�nchberg
Papst,Erik,Rathausstrasse 75,90562,Heroldsberg
Papst,Jonas,Feldstrasse 87,38826,Wegeleben
Papst,Maik,Schmarjestrasse 83,56244,Schenkelberg
Peters,Anja,Luetzowplatz 67,83093,Bad Endorf
Peters,Antje,Flotowstr. 81,23958,Wismar
Peters,Diana,Genslerstra�e 41,86029,Augsburg
Peters,Sara,Waldowstr. 24,04331,Leipzig
Peters,Ute,Friedrichstrasse 97,04440,Zwenkau
Pfaff,Klaudia,Meinekestra�e 94,90716,F�rth
Pfeffer,Katja,Joachimstaler Str. 87,56357,Dessighofen
Pfeifer,Jana,Wallstrasse 24,80753,M�nchen
Pfeiffer,Sabine,Anhalter Strasse 42,53557,Bad H�nningen
Probst,Alexander,Stra�e der Pariser Kommune 28,50679,K�ln Innenstadt
Probst,Ulrike,Ollenhauer Str. 92,95147,Selbitz
Propst,Leon,Hedemannstasse 67,66909,Henschtal
Reinhard,Kevin,An Der Urania 15,25856,Hattstedt
Reinhard,Robert,Ellmenreichstrasse 34,97270,Kist
Reinhardt,Jens,Hoheluftchaussee 44,49751,S�gel
Reiniger,Marie,Prager Str 99,92243,K�mmersbruck
Reiniger,Marie,Holstenwall 16,30916,Isernhagen
Reiniger,Ralph,Brandenburgische Stra�e 81,55595,Braunweiler
Richter,Brigitte,Grolmanstra�e 55,81331,M�nchen
Richter,Laura,Esplanade 63,89186,Illerrieden
Richter,Ralf,Michaelkirchstr. 34,97461,Hofheim
Ritter,Alexander,Gotzkowskystrasse 89,56820,Mesenich
Ritter,Bernd,An der Alster 7,19342,Perleberg
Ritter,Dirk,Heiligengeistbr�cke 20,26901,Rastorf
Ritter,Ulrike,Guentzelstrasse 95,21698,Bargstedt
Roth,Katrin,Frankfurter Allee 98,76229,Karlsruhe Durlach
Roth,Philipp,Prager Str 99,82120,Gauting
Roth,Ulrike,Kantstra�e 19,26842,Ostrhauderfehn
Rothschild,Daniela,Fugger Strasse 87,98716,Elgersburg
Rothschild,Dominik,Alter Wall 87,63718,Aschaffenburg
Rothstein,Andrea,Heinrich Heine Platz 6,39234,Calbe
Rothstein,Lucas,Kantstra�e 94,99804,Eisenach
Saenger,Mario,Amsinckstrasse 16,12355,Berlin Rudow
Saenger,Ursula,Inge Beisheim Platz 70,56068,Koblenz Altstadt
Sanger,Kathrin,Billwerder Neuer Deich 51,85004,Ingolstadt
Sanger,Paul,Kirchenallee 26,94245,Bodenmais
Sankt,J�rg,Gruenauer Strasse 41,21516,M�ssen
Schaefer,Juliane,Rathausstrasse 6,40629,D�sseldorf Gerresheim
Schaefer,Simone,Kurfuerstendamm 59,73329,Kuchen
Schaefer,Thorsten,Rudolstaedter Strasse 84,59929,Brilon
Scherer,Juliane,Bleibtreustra�e 79,18201,Bad Doberan
Scherer,Kevin,Hallesches Ufer 70,66620,Nonnweiler
Scherer,Lena,Friedrichstrasse 92,66687,Wadern
Schiffer,Daniela,Michaelkirchstr. 56,34379,Calden
Schiffer,Leah,Rosenstrasse 82,26897,Breddenberg
Schiffer,Stephan,Buelowstrasse 61,83429,Bad Reichenhall
Schiffer,Uwe,Hallesches Ufer 74,73434,Aalen Unterrombach
Schmid,Alexander,Gotthardstrasse 50,09039,Chemnitz
Schmid,Anne,Schmarjestrasse 90,96259,Weismain
Schmidt,Sabine,Bleibtreustra�e 58,54439,Saarburg
Schmidt,Vanessa,Paderborner Strasse 44,86359,Gersthofen
Schmitz,Andreas,Meininger Strasse 84,66539,Neunkirchen Ludwigsthal
Schneider,Lea,Lietzenburger Strasse 5,53894,Mechernich
Scholz,Sebastian,Mohrenstrasse 59,91792,Ellingen
Scholz,Torsten,Bleibtreustra�e 3,78315,Radolfzell
Schreiber,Barbara,Stresemannstr. 56,66592,St Wendel
Schreiber,Marie,Fugger Strasse 35,26969,Butjadingen
Schreiber,Steffen,Meinekestra�e 55,09387,Jahnsdorf
Schreiner,Steffen,Alt Reinickendorf 21,24879,Idstedt
Schroder,Monika,Ufnau Strasse 71,91734,Mitteleschenbach
Schroder,Stephan,Kirchenallee 32,19006,Schwerin
Schroeder,Jessica,Prenzlauer Allee 95,63762,Gro�ostheim
Schroeder,Laura,Potsdamer Platz 59,78199,Br�unlingen
Schr�der,Sarah,Esplanade 27,94343,Wiesenfelden
Schuhmacher,Sophia,Motzstr. 60,33161,H�velhof
Schuhmacher,Ursula,Kurf�rstenstra�e 57,95622,Wunsiedel
Schultheiss,Anne,Karl-Liebknecht-Strasse 48,07381,Bodelwitz
Schultz,Annett,Meinekestra�e 1,85004,Ingolstadt
Schultz,J�rg,Marseiller Strasse 74,97779,Geroda
Schultz,Sabine,Sch�nhauser Allee 79,24576,Bad Bramstedt
Schulz,Alexander,Anhalter Strasse 45,67744,Seelen
Schulz,Nicole,Rohrdamm 52,55566,Daubach
Schulze,Kevin,Heiligengeistbr�cke 88,01005,Dresden
Schulze,Marina,Ufnau Strasse 81,87616,Marktoberdorf
Schulze,Sophia,Genslerstra�e 75,91126,Kammerstein
Schuster,Florian,Flotowstr. 20,22825,Norderstedt
Schuster,Lukas,Kurf�rstendamm 88,17489,Greifswald
Schwarz,Jonas,Pasewalker Stra�e 44,75249,Kieselbronn
Schwarz,Markus,Rathausstrasse 17,54429,Mandern
Schweitzer,Birgit,Kantstra�e 39,85502,Ottobrunn
Schweitzer,Lisa,Lietzensee-Ufer 9,86497,Horgau
Sch�fer,Marko,Billwerder Neuer Deich 65,91792,Ellingen
Sch�fer,Paul,Potsdamer Platz 66,38826,Wegeleben
Sch�fer,Swen,Boxhagener Str. 24,91292,Forchheim
Seiler,Florian,Wa�mannsdorfer Chaussee 28,06811,Dessau
Seiler,J�rgen,Brandenburgische Str. 47,96250,Ebensfeld
Seiler,Michelle,Koepenicker Str. 3,91369,Wiesenthau
Shuster,Eric,G�ntzelstrasse 10,90259,N�rnberg
Sommer,Kathrin,Lietzenburger Strasse 54,80558,M�nchen
Sommer,Stefanie,Rosenstrasse 99,79100,Freiburg Stadt
Strauss,Christina,Leipziger Strasse 60,83090,Bad Endorf
Strauss,Sara,Gubener Str. 11,49847,Itterbeck
Strauss,Sebastian,Gotthardstrasse 2,99045,Erfurt
Theiss,Max,Fugger Strasse 96,95445,Bayreuth
Theissen,Paul,Stra�e der Pariser Kommune 35,63706,Aschaffenburg
Theissen,Yvonne,Messedamm 52,54343,F�hren
Traugott,Annett,Reeperbahn 19,33803,Steinhagen
Traugott,David,Prenzlauer Allee 95,38126,Braunschweig
Trommler,Christina,An der Alster 6,31195,Neuhof
Trommler,Marco,Konstanzer Strasse 61,64732,Bad K�nig
Unger,Lucas,Kieler Strasse 16,83239,Reit im Winkl
Urner,Marco,Genterstrasse 48,65510,H�nstetten
Vogel,Kristin,Frankfurter Allee 12,99008,Erfurt
Vogel,Tim,Meinekestra�e 58,76774,Leimersheim
Vogler,Annett,Neuer Jungfernstieg 49,09025,Chemnitz
Vogler,Barbara,Joachimstaler Str. 63,81602,M�nchen
Vogler,Christin,Brandenburgische Str 80,86637,Wertingen
Vogler,Gabriele,Kantstrasse 12,95421,Bayreuth
Vogler,Marcel,Hallesches Ufer 74,96480,Ahorn
Waechter,Jessica,Gotthardstrasse 70,53557,Bad H�nningen
Waechter,J�rgen,S�mmeringstr. 42,29475,Gorleben
Waechter,Martina,Kantstra�e 39,06820,Dessau
Waechter,Tim,Sch�nhauser Allee 22,67475,Weidenthal
Waechter,Tom,Alt-Moabit 35,22047,Hamburg Tonndorf
Wagner,Sabine,Potsdamer Platz 43,72119,Ammerbuch
Walter,David,Oldesloer Strasse 78,96519,Steinach
Walter,Kevin,Lietzenburger Stra�e 42,56459,Elbingen
Walter,Ursula,Mellingburgredder 77,91024,Erlangen
Weber,Katja,Wa�mannsdorfer Chaussee 31,47506,Neukirchen-Vluyn
Weber,Robert,Hans-Grade-Allee 30,22607,Hamburg Nienstedten
Wechsler,Jens,Wa�mannsdorfer Chaussee 85,83633,Bad T�lz
Wechsler,Mike,Gotthardstrasse 7,12679,Berlin Marzahn
Wechsler,Monika,Boxhagener Str. 68,07353,Lobenstein
Weissmuller,Lena,Brandenburgische Str. 85,94529,Aicha
Weissmuller,Luca,Spresstrasse 77,63930,Neunkirchen
Weissmuller,Lukas,Frankfurter Allee 38,87480,Weitnau
Weissmuller,Silke,Scharnweberstrasse 64,89209,Neu-Ulm
Weisz,J�rgen,Marseiller Strasse 28,82459,Garmisch-Partenkirchen
Wei�,Klaudia,Stresemannstr. 54,66639,Namborn
Werfel,Klaudia,Brandenburgische Strasse 6,91702,Gunzenhausen
Werfel,Martina,Konstanzer Strasse 87,63329,Egelsbach
Werner,Laura,Hedemannstasse 34,72501,Gammertingen
Werner,Marcel,Spresstrasse 16,94245,Bodenmais
Werner,Sophia,Pasewalker Stra�e 97,31711,Luhden
Winkel,Michelle,Holstenwall 87,66271,Kleinblittersdorf
Wirth,Lucas,Spresstrasse 82,99722,Nordhausen
Wirth,Philipp,Kantstrasse 50,38170,Dahlum
Wirth,Ulrike,Los-Angeles-Platz 33,67152,Ruppertsberg
Wirtz,Jens,Ruschestrasse 30,93167,Falkenstein
Wolf,Barbara,Ollenhauer Str. 77,91460,Baudenbach
Wolf,Katrin,Brandenburgische Strasse 69,97480,Eltmann
Wurfel,Alexander,Spresstrasse 88,33613,Bielefeld Gellershagen
Wurfel,Lisa,Mohrenstrasse 59,89605,Altheim
Wurfel,Matthias,Bleibtreustrasse 64,38179,Schw�lper
Wurfel,Sabrina,Leipziger Strasse 94,69118,Heidelberg Ziegelhausen
Ziegler,Jennifer,Charlottenstrasse 17,03052,Cottbus
Ziegler,Katharina,Schoenebergerstrasse 57,08319,Zschorlau
Ziegler,Tom,Invalidenstrasse 45,13505,Berlin Heiligensee
Zimmer,Julia,Flughafenstrasse 18,56769,Retterath
Zimmer,Max,Bayreuther Strasse 60,81320,M�nchen
Zimmer,Swen,Koenigstrasse 78,74867,Neunkirchen
Zimmermann,Jennifer,Albrechtstrasse 42,58313,Herdecke
Zimmermann,Katrin,Oldesloer Strasse 6,86987,Schwabsoien
Zweig,Dirk,Brandenburgische Strasse 47,90239,N�rnberg
